<?xml version="1.0" encoding="UTF-8"?>
<project-private xmlns="http://www.netbeans.org/ns/project-private/1">
    <editor-bookmarks xmlns="http://www.netbeans.org/ns/editor-bookmarks/2" lastBookmarkId="0"/>
    <open-files xmlns="http://www.netbeans.org/ns/projectui-open-files/2">
        <group>
            <file>file:/C:/Users/Trayer/OneDrive/Documents/NetBeansProjects/TrayerHarvey/src/View_Controller/Screen_addProductController.java</file>
            <file>file:/C:/Users/Trayer/OneDrive/Documents/NetBeansProjects/TrayerHarvey/src/View_Controller/Screen_modProductController.java</file>
            <file>file:/C:/Users/Trayer/OneDrive/Documents/NetBeansProjects/TrayerHarvey/src/View_Controller/Screen_mainController.java</file>
        </group>
    </open-files>
</project-private>
